,chr1,x1,x2,gene1,gene1Sym,chr2,y1,y2,gene2,gene2Sym,READ,THCA,UVM,THYM,GBM,UCS,OV,LIHC,STAD,UCEC,HNSC,BRCA,SARC,Healthy,DLBC,BLCA,KIRP,COAD,PAAD,PCPG,LGG,SKCM,LUAD,KIRC,MESO,CESC,LUSC,PRAD,ESCA,ACC,LAML,TGCT,KICH
15618,chr12,56556143,56583351,ENSG00000139613,SMARCC2,chr12,54762917,54785082,ENSG00000161642,ZNF385A,0.4819277108433735,0.4673267326732673,0.25,0.4666666666666667,0.2594936708860759,0.1052631578947368,0.2304038004750593,0.2911051212938005,0.0800970873786407,0.1721014492753623,0.475,0.3357335733573357,0.2432432432432432,0.2047722342733188,0.2291666666666666,0.5703883495145631,0.4103448275862069,0.4333333333333333,0.0674157303370786,0.1564245810055866,0.4786821705426357,0.233009708737864,0.1391465677179963,0.0462107208872458,0.057471264367816,0.0310344827586206,0.3705179282868526,0.373253493013972,0.2608695652173913,0.3924050632911392,0.2913907284768212,0.1866666666666666,0.3787878787878788
20063,chr17,48452420,48474884,ENSG00000108829,LRRC59,chr17,48503519,48552206,ENSG00000167107,ACSF2,0.2710843373493976,0.1326732673267326,0.275,0.2,0.0886075949367088,0.4561403508771929,0.171021377672209,0.3665768194070081,0.0655339805825242,0.2735507246376811,0.0615384615384615,0.4617461746174617,0.1081081081081081,0.050759219088937,0.1666666666666666,0.587378640776699,0.3137931034482759,0.2166666666666666,0.0674157303370786,0.0837988826815642,0.0988372093023255,0.4757281553398058,0.4063079777365491,0.0499075785582255,0.1724137931034483,0.0137931034482758,0.1095617529880478,0.279441117764471,0.0543478260869565,0.4177215189873418,0.0,0.2733333333333333,0.0
21328,chr17,73717408,73753899,ENSG00000132470,ITGB4,chr17,73937588,73975258,ENSG00000161533,ACOX1,0.1506024096385542,0.0811881188118811,0.0,0.0416666666666666,0.0253164556962025,0.0350877192982456,0.014251781472684,0.3962264150943396,0.3252427184466019,0.0380434782608695,0.0576923076923076,0.1287128712871287,0.0193050193050193,0.2017353579175705,0.0,0.5169902912621359,0.0862068965517241,0.1875,0.1629213483146067,0.0558659217877094,0.1143410852713178,0.0,0.1632653061224489,0.0184842883548983,0.0,0.0517241379310344,0.0756972111553784,0.2115768463073852,0.3641304347826087,0.1139240506329113,0.1125827814569536,0.0066666666666666,0.0151515151515151
