,chr1,x1,x2,gene1,gene1Sym,chr2,y1,y2,gene2,gene2Sym,READ,THCA,UVM,THYM,GBM,UCS,OV,LIHC,STAD,UCEC,HNSC,BRCA,SARC,Healthy,DLBC,BLCA,KIRP,COAD,PAAD,PCPG,LGG,SKCM,LUAD,KIRC,MESO,CESC,LUSC,PRAD,ESCA,ACC,LAML,TGCT,KICH
23143,chr17,76987798,77005949,ENSG00000171302,CANT1,chr17,78234665,78372586,ENSG00000173821,RNF213,0.2349397590361445,0.1465346534653465,0.4,0.3083333333333333,0.0822784810126582,0.2280701754385964,0.3871733966745843,0.22911051212938,0.441747572815534,0.4438405797101449,0.2903846153846154,0.4851485148514851,0.2162162162162162,0.2785249457700651,0.2708333333333333,0.3980582524271844,0.3862068965517241,0.325,0.0842696629213483,0.1284916201117318,0.1472868217054263,0.2135922330097087,0.6159554730983302,0.1016635859519408,0.057471264367816,0.493103448275862,0.3386454183266932,0.3952095808383233,0.3858695652173913,0.050632911392405,0.4966887417218543,0.3333333333333333,0.2424242424242424
28487,chr2,8818975,8824591,ENSG00000115738,ID2,chr2,10443015,10567743,ENSG00000115756,HPCAL1,0.3012048192771084,0.1346534653465346,0.15,0.1166666666666666,0.0126582278481012,0.087719298245614,0.2850356294536817,0.0673854447439353,0.2087378640776699,0.1938405797101449,0.0134615384615384,0.0864086408640864,0.1312741312741312,0.2268980477223427,0.0833333333333333,0.0800970873786407,0.0551724137931034,0.3583333333333333,0.398876404494382,0.329608938547486,0.0116279069767441,0.3203883495145631,0.6159554730983302,0.3696857670979667,0.3563218390804598,0.0862068965517241,0.1015936254980079,0.0099800399201596,0.0815217391304347,0.1645569620253164,0.4437086092715231,0.0,0.0303030303030303
